,,,,
基本信息,,,,
,名称/编号：,竖屏圣诞老人滑雪冒险,,
,核心玩法类型：,躲避障碍，积累积分兑换装扮,,
,目标用户画像：,小学生,,
,对标参考产品,滑雪大冒险，地铁酷跑,,
玩法与内容设计,,,,
,玩法核心机制：,左右滑屏移动方向，路上有障碍物,,
,,,,
,游戏爽感来源：,拣取特殊道具触发特效和隐藏地图,,
,,,,
,游戏节奏设计（一轮游戏时间等）：,设计上是无限游戏直到游戏失败,,
,,,,
,可扩展内容方向：,成就系统,,
开发与资源评估,,,,
,预计开发时间：,一星期,,
,,,,
,开发关键难点：,无,,
,,,,
,是否需要联网：,单机,,
,,,,
,推荐引擎工具：,bevy,,
,,,,
,可否复用代码模板：,无现成模板,,
,,,,
商业化潜力：,,,,
,主要变现方式：,广告,,
,,,,
,预计ARPU区间：,0.1$~0.2$,,
,,,,
,误触/误导/吸引创意可用性：,关卡，装扮,,
,,,,
,核心用户留存点：,无尽冒险,,
,,,,
,用户留存率预估：,4%,,
,,,,
评估打分：（1-5）,,,,
,项目,分值（1-5）,备注,
,创意新颖度,,,
,技术开发可行性,,,
,快速上线速度,,,
,创意可塑性,,,
,商业化潜力,,,
,,,,
小结,,,,
